{
    "name": "rainTest",
    "filename": "rainTest.dsp",
    "version": "2.79.3",
    "compile_options": "-lang wasm-i -ct 1 -es 1 -mcd 16 -mdd 1024 -mdy 33 -single -ftz 2",
    "library_list": [
        "/usr/share/faust/stdfaust.lib",
        "/usr/share/faust/noises.lib"
    ],
    "include_pathnames": [
        "/share/faust",
        "/usr/local/share/faust",
        "/usr/share/faust",
        "."
    ],
    "size": 36,
    "code": "cDmt",
    "inputs": 0,
    "outputs": 2,
    "meta": [
        {
            "compile_options": "-lang wasm-i -ct 1 -es 1 -mcd 16 -mdd 1024 -mdy 33 -single -ftz 2"
        },
        {
            "filename": "rainTest.dsp"
        },
        {
            "name": "rainTest"
        },
        {
            "noises.lib/name": "Faust Noise Generator Library"
        },
        {
            "noises.lib/version": "1.4.1"
        }
    ],
    "ui": [
        {
            "type": "vgroup",
            "label": "rain",
            "items": [
                {
                    "type": "hslider",
                    "label": "density",
                    "varname": "fHslider1",
                    "shortname": "density",
                    "address": "/rain/density",
                    "index": 20,
                    "init": 300,
                    "min": 0,
                    "max": 1000,
                    "step": 1
                },
                {
                    "type": "hslider",
                    "label": "volume",
                    "varname": "fHslider0",
                    "shortname": "volume",
                    "address": "/rain/volume",
                    "index": 0,
                    "init": 0.5,
                    "min": 0,
                    "max": 1,
                    "step": 0.01
                }
            ]
        }
    ]
}