{
    "name": "windchimes",
    "filename": "windchimes.dsp",
    "version": "2.79.3",
    "compile_options": "-lang wasm-i -ct 1 -es 1 -mcd 16 -mdd 1024 -mdy 33 -single -ftz 2",
    "library_list": [
        "/usr/share/faust/stdfaust.lib",
        "/usr/share/faust/maths.lib",
        "/usr/share/faust/platform.lib",
        "/usr/share/faust/noises.lib",
        "/usr/share/faust/basics.lib",
        "/usr/share/faust/envelopes.lib",
        "/usr/share/faust/signals.lib",
        "/usr/share/faust/routes.lib",
        "/usr/share/faust/filters.lib"
    ],
    "include_pathnames": [
        "/share/faust",
        "/usr/local/share/faust",
        "/usr/share/faust",
        "."
    ],
    "size": 604,
    "code": "lD0f",
    "inputs": 0,
    "outputs": 2,
    "meta": [
        {
            "basics.lib/name": "Faust Basic Element Library"
        },
        {
            "basics.lib/sAndH:author": "Romain Michon"
        },
        {
            "basics.lib/selectoutn:author": "Vince"
        },
        {
            "basics.lib/version": "1.21.0"
        },
        {
            "compile_options": "-lang wasm-i -ct 1 -es 1 -mcd 16 -mdd 1024 -mdy 33 -single -ftz 2"
        },
        {
            "envelopes.lib/ar:author": "Yann Orlarey, Stéphane Letz"
        },
        {
            "envelopes.lib/author": "GRAME"
        },
        {
            "envelopes.lib/copyright": "GRAME"
        },
        {
            "envelopes.lib/license": "LGPL with exception"
        },
        {
            "envelopes.lib/name": "Faust Envelope Library"
        },
        {
            "envelopes.lib/version": "1.3.0"
        },
        {
            "filename": "windchimes.dsp"
        },
        {
            "filters.lib/fir:author": "Julius O. Smith III"
        },
        {
            "filters.lib/fir:copyright": "Copyright (C) 2003-2019 by Julius O. Smith III <jos@ccrma.stanford.edu>"
        },
        {
            "filters.lib/fir:license": "MIT-style STK-4.3 license"
        },
        {
            "filters.lib/iir:author": "Julius O. Smith III"
        },
        {
            "filters.lib/iir:copyright": "Copyright (C) 2003-2019 by Julius O. Smith III <jos@ccrma.stanford.edu>"
        },
        {
            "filters.lib/iir:license": "MIT-style STK-4.3 license"
        },
        {
            "filters.lib/lowpass0_highpass1": "MIT-style STK-4.3 license"
        },
        {
            "filters.lib/name": "Faust Filters Library"
        },
        {
            "filters.lib/version": "1.7.1"
        },
        {
            "maths.lib/author": "GRAME"
        },
        {
            "maths.lib/copyright": "GRAME"
        },
        {
            "maths.lib/license": "LGPL with exception"
        },
        {
            "maths.lib/name": "Faust Math Library"
        },
        {
            "maths.lib/version": "2.8.1"
        },
        {
            "name": "windchimes"
        },
        {
            "noises.lib/name": "Faust Noise Generator Library"
        },
        {
            "noises.lib/version": "1.4.1"
        },
        {
            "platform.lib/name": "Generic Platform Library"
        },
        {
            "platform.lib/version": "1.3.0"
        },
        {
            "routes.lib/name": "Faust Signal Routing Library"
        },
        {
            "routes.lib/version": "1.2.0"
        },
        {
            "signals.lib/name": "Faust Signal Routing Library"
        },
        {
            "signals.lib/version": "1.6.0"
        }
    ],
    "ui": [
        {
            "type": "vgroup",
            "label": "wind chimes",
            "items": [
                {
                    "type": "hbargraph",
                    "label": "energy",
                    "varname": "fHbargraph0",
                    "shortname": "energy",
                    "address": "/wind_chimes/energy",
                    "index": 112,
                    "min": 0,
                    "max": 1.5
                },
                {
                    "type": "hbargraph",
                    "label": "hit probability",
                    "varname": "fHbargraph1",
                    "shortname": "hit_probability",
                    "address": "/wind_chimes/hit_probability",
                    "index": 116,
                    "min": 0,
                    "max": 1
                },
                {
                    "type": "hslider",
                    "label": "wind",
                    "varname": "fHslider0",
                    "shortname": "wind",
                    "address": "/wind_chimes/wind",
                    "index": 96,
                    "init": 0,
                    "min": 0,
                    "max": 2,
                    "step": 0.01
                }
            ]
        }
    ]
}