{
    "name": "bubbleTest",
    "filename": "bubbleTest.dsp",
    "version": "2.79.3",
    "compile_options": "-lang wasm-i -ct 1 -es 1 -mcd 16 -mdd 1024 -mdy 33 -single -ftz 2",
    "library_list": [
        "/usr/share/faust/stdfaust.lib",
        "/usr/share/faust/demos.lib",
        "/usr/share/faust/reverbs.lib",
        "/usr/share/faust/maths.lib",
        "/usr/share/faust/platform.lib",
        "/usr/share/faust/filters.lib",
        "/usr/share/faust/delays.lib",
        "/usr/share/faust/oscillators.lib",
        "/usr/share/faust/basics.lib",
        "/usr/share/faust/signals.lib"
    ],
    "include_pathnames": [
        "/share/faust",
        "/usr/local/share/faust",
        "/usr/share/faust",
        "."
    ],
    "size": 848400,
    "code": "mKZEAZQ9Hw==",
    "inputs": 0,
    "outputs": 2,
    "meta": [
        {
            "basics.lib/name": "Faust Basic Element Library"
        },
        {
            "basics.lib/version": "1.21.0"
        },
        {
            "compile_options": "-lang wasm-i -ct 1 -es 1 -mcd 16 -mdd 1024 -mdy 33 -single -ftz 2"
        },
        {
            "copyright": "(c) 2017: Yann Orlarey, GRAME"
        },
        {
            "delays.lib/name": "Faust Delay Library"
        },
        {
            "delays.lib/version": "1.1.0"
        },
        {
            "demos.lib/freeverb_demo:author": " Romain Michon"
        },
        {
            "demos.lib/freeverb_demo:licence": "LGPL"
        },
        {
            "demos.lib/name": "Faust Demos Library"
        },
        {
            "demos.lib/version": "1.2.0"
        },
        {
            "description": "Production of a water drop bubble sound."
        },
        {
            "filename": "bubbleTest.dsp"
        },
        {
            "filters.lib/allpass_comb:author": "Julius O. Smith III"
        },
        {
            "filters.lib/allpass_comb:copyright": "Copyright (C) 2003-2019 by Julius O. Smith III <jos@ccrma.stanford.edu>"
        },
        {
            "filters.lib/allpass_comb:license": "MIT-style STK-4.3 license"
        },
        {
            "filters.lib/lowpass0_highpass1": "MIT-style STK-4.3 license"
        },
        {
            "filters.lib/name": "Faust Filters Library"
        },
        {
            "filters.lib/version": "1.7.1"
        },
        {
            "license": "MIT"
        },
        {
            "maths.lib/author": "GRAME"
        },
        {
            "maths.lib/copyright": "GRAME"
        },
        {
            "maths.lib/license": "LGPL with exception"
        },
        {
            "maths.lib/name": "Faust Math Library"
        },
        {
            "maths.lib/version": "2.8.1"
        },
        {
            "name": "bubbleTest"
        },
        {
            "oscillators.lib/name": "Faust Oscillator Library"
        },
        {
            "oscillators.lib/version": "1.6.0"
        },
        {
            "platform.lib/name": "Generic Platform Library"
        },
        {
            "platform.lib/version": "1.3.0"
        },
        {
            "reverbs.lib/mono_freeverb:author": "Romain Michon"
        },
        {
            "reverbs.lib/name": "Faust Reverb Library"
        },
        {
            "reverbs.lib/stereo_freeverb:author": "Romain Michon"
        },
        {
            "reverbs.lib/version": "1.4.0"
        },
        {
            "signals.lib/name": "Faust Signal Routing Library"
        },
        {
            "signals.lib/version": "1.6.0"
        }
    ],
    "ui": [
        {
            "type": "vgroup",
            "label": "bubbleTest",
            "items": [
                {
                    "type": "hgroup",
                    "label": "Freeverb",
                    "items": [
                        {
                            "type": "vgroup",
                            "label": "0x00",
                            "meta": [
                                {
                                    "0": ""
                                }
                            ],
                            "items": [
                                {
                                    "type": "vslider",
                                    "label": "Damp",
                                    "varname": "fVslider2",
                                    "shortname": "Damp",
                                    "address": "/bubbleTest/Freeverb/0x00/Damp",
                                    "index": 262224,
                                    "meta": [
                                        {
                                            "0": ""
                                        },
                                        {
                                            "style": "knob"
                                        },
                                        {
                                            "tooltip": "Somehow control the         density of the reverb."
                                        }
                                    ],
                                    "init": 0.5,
                                    "min": 0,
                                    "max": 1,
                                    "step": 0.025
                                },
                                {
                                    "type": "vslider",
                                    "label": "RoomSize",
                                    "varname": "fVslider1",
                                    "shortname": "RoomSize",
                                    "address": "/bubbleTest/Freeverb/0x00/RoomSize",
                                    "index": 262216,
                                    "meta": [
                                        {
                                            "1": ""
                                        },
                                        {
                                            "style": "knob"
                                        },
                                        {
                                            "tooltip": "The room size         between 0 and 1 with 1 for the largest room."
                                        }
                                    ],
                                    "init": 0.5,
                                    "min": 0,
                                    "max": 1,
                                    "step": 0.025
                                },
                                {
                                    "type": "vslider",
                                    "label": "Stereo Spread",
                                    "varname": "fVslider3",
                                    "shortname": "Stereo_Spread",
                                    "address": "/bubbleTest/Freeverb/0x00/Stereo_Spread",
                                    "index": 586084,
                                    "meta": [
                                        {
                                            "2": ""
                                        },
                                        {
                                            "style": "knob"
                                        },
                                        {
                                            "tooltip": "Spatial         spread between 0 and 1 with 1 for maximum spread."
                                        }
                                    ],
                                    "init": 0.5,
                                    "min": 0,
                                    "max": 1,
                                    "step": 0.01
                                }
                            ]
                        },
                        {
                            "type": "vslider",
                            "label": "Wet",
                            "varname": "fVslider0",
                            "shortname": "Wet",
                            "address": "/bubbleTest/Freeverb/Wet",
                            "index": 262144,
                            "meta": [
                                {
                                    "1": ""
                                },
                                {
                                    "tooltip": "The amount of reverb applied to the signal         between 0 and 1 with 1 for the maximum amount of reverb."
                                }
                            ],
                            "init": 0.3333,
                            "min": 0,
                            "max": 1,
                            "step": 0.025
                        }
                    ]
                },
                {
                    "type": "vgroup",
                    "label": "bubble",
                    "items": [
                        {
                            "type": "hslider",
                            "label": "freq",
                            "varname": "fHslider0",
                            "shortname": "freq",
                            "address": "/bubbleTest/bubble/freq",
                            "index": 262160,
                            "init": 600,
                            "min": 150,
                            "max": 2000,
                            "step": 1
                        }
                    ]
                },
                {
                    "type": "button",
                    "label": "drop",
                    "varname": "fButton0",
                    "shortname": "drop",
                    "address": "/bubbleTest/drop",
                    "index": 262164
                }
            ]
        }
    ]
}