{
    "name": "runningwater",
    "filename": "runningwater.dsp",
    "version": "2.79.3",
    "compile_options": "-lang wasm-i -ct 1 -es 1 -mcd 16 -mdd 1024 -mdy 33 -single -ftz 2",
    "library_list": [
        "/usr/share/faust/stdfaust.lib",
        "/usr/share/faust/noises.lib",
        "/usr/share/faust/maths.lib",
        "/usr/share/faust/platform.lib",
        "/usr/share/faust/basics.lib",
        "/usr/share/faust/filters.lib",
        "/usr/share/faust/envelopes.lib",
        "/usr/share/faust/oscillators.lib"
    ],
    "include_pathnames": [
        "/share/faust",
        "/usr/local/share/faust",
        "/usr/share/faust",
        "."
    ],
    "size": 262308,
    "code": "lD0f",
    "inputs": 0,
    "outputs": 1,
    "meta": [
        {
            "basics.lib/name": "Faust Basic Element Library"
        },
        {
            "basics.lib/sAndH:author": "Romain Michon"
        },
        {
            "basics.lib/version": "1.21.0"
        },
        {
            "compile_options": "-lang wasm-i -ct 1 -es 1 -mcd 16 -mdd 1024 -mdy 33 -single -ftz 2"
        },
        {
            "envelopes.lib/ar:author": "Yann Orlarey, Stéphane Letz"
        },
        {
            "envelopes.lib/author": "GRAME"
        },
        {
            "envelopes.lib/copyright": "GRAME"
        },
        {
            "envelopes.lib/license": "LGPL with exception"
        },
        {
            "envelopes.lib/name": "Faust Envelope Library"
        },
        {
            "envelopes.lib/version": "1.3.0"
        },
        {
            "filename": "runningwater.dsp"
        },
        {
            "filters.lib/fir:author": "Julius O. Smith III"
        },
        {
            "filters.lib/fir:copyright": "Copyright (C) 2003-2019 by Julius O. Smith III <jos@ccrma.stanford.edu>"
        },
        {
            "filters.lib/fir:license": "MIT-style STK-4.3 license"
        },
        {
            "filters.lib/iir:author": "Julius O. Smith III"
        },
        {
            "filters.lib/iir:copyright": "Copyright (C) 2003-2019 by Julius O. Smith III <jos@ccrma.stanford.edu>"
        },
        {
            "filters.lib/iir:license": "MIT-style STK-4.3 license"
        },
        {
            "filters.lib/lowpass0_highpass1": "MIT-style STK-4.3 license"
        },
        {
            "filters.lib/lowpass0_highpass1:author": "Julius O. Smith III"
        },
        {
            "filters.lib/lowpass:author": "Julius O. Smith III"
        },
        {
            "filters.lib/lowpass:copyright": "Copyright (C) 2003-2019 by Julius O. Smith III <jos@ccrma.stanford.edu>"
        },
        {
            "filters.lib/lowpass:license": "MIT-style STK-4.3 license"
        },
        {
            "filters.lib/name": "Faust Filters Library"
        },
        {
            "filters.lib/tf1:author": "Julius O. Smith III"
        },
        {
            "filters.lib/tf1:copyright": "Copyright (C) 2003-2019 by Julius O. Smith III <jos@ccrma.stanford.edu>"
        },
        {
            "filters.lib/tf1:license": "MIT-style STK-4.3 license"
        },
        {
            "filters.lib/tf1s:author": "Julius O. Smith III"
        },
        {
            "filters.lib/tf1s:copyright": "Copyright (C) 2003-2019 by Julius O. Smith III <jos@ccrma.stanford.edu>"
        },
        {
            "filters.lib/tf1s:license": "MIT-style STK-4.3 license"
        },
        {
            "filters.lib/tf2:author": "Julius O. Smith III"
        },
        {
            "filters.lib/tf2:copyright": "Copyright (C) 2003-2019 by Julius O. Smith III <jos@ccrma.stanford.edu>"
        },
        {
            "filters.lib/tf2:license": "MIT-style STK-4.3 license"
        },
        {
            "filters.lib/tf2s:author": "Julius O. Smith III"
        },
        {
            "filters.lib/tf2s:copyright": "Copyright (C) 2003-2019 by Julius O. Smith III <jos@ccrma.stanford.edu>"
        },
        {
            "filters.lib/tf2s:license": "MIT-style STK-4.3 license"
        },
        {
            "filters.lib/version": "1.7.1"
        },
        {
            "maths.lib/author": "GRAME"
        },
        {
            "maths.lib/copyright": "GRAME"
        },
        {
            "maths.lib/license": "LGPL with exception"
        },
        {
            "maths.lib/name": "Faust Math Library"
        },
        {
            "maths.lib/version": "2.8.1"
        },
        {
            "name": "runningwater"
        },
        {
            "noises.lib/name": "Faust Noise Generator Library"
        },
        {
            "noises.lib/version": "1.4.1"
        },
        {
            "oscillators.lib/name": "Faust Oscillator Library"
        },
        {
            "oscillators.lib/version": "1.6.0"
        },
        {
            "platform.lib/name": "Generic Platform Library"
        },
        {
            "platform.lib/version": "1.3.0"
        }
    ],
    "ui": [
        {
            "type": "vgroup",
            "label": "runningwater",
            "items": []
        }
    ]
}